epoch,time,train/box_loss,train/cls_loss,train/dfl_loss,metrics/precision(B),metrics/recall(B),metrics/mAP50(B),metrics/mAP50-95(B),val/box_loss,val/cls_loss,val/dfl_loss,lr/pg0,lr/pg1,lr/pg2
1,218.757,2.02649,4.3595,1.56679,0.00569,0.16056,0.05812,0.04676,1.58076,4.40555,1.39063,0.00016422,0.00016422,0.00016422
2,438.8,1.50193,3.69303,1.20848,0.01417,0.50799,0.11505,0.08,1.26518,3.74011,1.11346,0.000328936,0.000328936,0.000328936
3,652.942,1.38364,3.03294,1.15982,0.5878,0.1642,0.18364,0.12306,1.34292,3.23448,1.14442,0.000486865,0.000486865,0.000486865
